{"properties": [
  {
    "name": "spring.datasource.hibernate.ddl-auto",
    "type": "java.lang.String",
    "description": "A description for 'spring.datasource.hibernate.ddl-auto'"
  },
  {
    "name": "eureka.client.instance.preferIpAddress",
    "type": "java.lang.String",
    "description": "A description for 'eureka.client.instance.preferIpAddress'"
  },
  {
    "name": "eureka.client.instance.preferIpAddress",
    "type": "java.lang.String",
    "description": "A description for 'eureka.client.instance.preferIpAddress'"
  },
  {
    "name": "eureka.client.instance.preferIpAddress",
    "type": "java.lang.String",
    "description": "A description for 'eureka.client.instance.preferIpAddress'"
  }
]}